article;name;category;source_url;status
Archer A5(EU) 6.20;Archer A5;Роутеры Wi-Fi;https://www.tp-link.com/kz/home-networking/wifi-router/archer-a5/;unchanged
Archer A5(RU) 6.20;Archer A5;Роутеры Wi-Fi;https://www.tp-link.com/kz/home-networking/wifi-router/archer-a5/;unchanged
Archer A5(RU) 6.2;Archer A5;Роутеры Wi-Fi;https://www.tp-link.com/kz/home-networking/wifi-router/archer-a5/;unchanged
Archer A5(EU) 6.2;Archer A5;Роутеры Wi-Fi;https://www.tp-link.com/kz/home-networking/wifi-router/archer-a5/;unchanged
Archer A5(EU) 6;Archer A5;Роутеры Wi-Fi;https://www.tp-link.com/kz/home-networking/wifi-router/archer-a5/;unchanged
Archer A5(RU) 6;Archer A5;Роутеры Wi-Fi;https://www.tp-link.com/kz/home-networking/wifi-router/archer-a5/;unchanged
Archer A5 6;Archer A5;Роутеры Wi-Fi;https://www.tp-link.com/kz/home-networking/wifi-router/archer-a5/;unchanged
Archer A5(EU) 4;Archer A5;Роутеры Wi-Fi;https://www.tp-link.com/kz/home-networking/wifi-router/archer-a5/;unchanged
Archer A5(RU) 4;Archer A5;Роутеры Wi-Fi;https://www.tp-link.com/kz/home-networking/wifi-router/archer-a5/;unchanged
Archer A5(RU) 4.2;Archer A5;Роутеры Wi-Fi;https://www.tp-link.com/kz/home-networking/wifi-router/archer-a5/;unchanged
Archer A6(EU) 6;Archer A6;Роутеры Wi-Fi;https://www.tp-link.com/kz/home-networking/wifi-router/archer-a6/;unchanged
Archer A6(RU) 6;Archer A6;Роутеры Wi-Fi;https://www.tp-link.com/kz/home-networking/wifi-router/archer-a6/;unchanged
Archer A6 6;Archer A6;Роутеры Wi-Fi;https://www.tp-link.com/kz/home-networking/wifi-router/archer-a6/;unchanged
Archer A6(EU) 4;Archer A6;Роутеры Wi-Fi;https://www.tp-link.com/kz/home-networking/wifi-router/archer-a6/;unchanged
Archer A6(RU) 4;Archer A6;Роутеры Wi-Fi;https://www.tp-link.com/kz/home-networking/wifi-router/archer-a6/;unchanged
Archer A6 4;Archer A6;Роутеры Wi-Fi;https://www.tp-link.com/kz/home-networking/wifi-router/archer-a6/;unchanged
Archer A6(EU) 3.2;Archer A6;Роутеры Wi-Fi;https://www.tp-link.com/kz/home-networking/wifi-router/archer-a6/;unchanged
Archer A6(RU) 3.2;Archer A6;Роутеры Wi-Fi;https://www.tp-link.com/kz/home-networking/wifi-router/archer-a6/;unchanged
Archer A6(RU) 3.20;Archer A6;Роутеры Wi-Fi;https://www.tp-link.com/kz/home-networking/wifi-router/archer-a6/;unchanged
Archer A6(EU) 3.20;Archer A6;Роутеры Wi-Fi;https://www.tp-link.com/kz/home-networking/wifi-router/archer-a6/;unchanged
Archer A6(EU) 3;Archer A6;Роутеры Wi-Fi;https://www.tp-link.com/kz/home-networking/wifi-router/archer-a6/;unchanged
Archer A6(RU) 3;Archer A6;Роутеры Wi-Fi;https://www.tp-link.com/kz/home-networking/wifi-router/archer-a6/;unchanged
Archer A6 3;Archer A6;Роутеры Wi-Fi;https://www.tp-link.com/kz/home-networking/wifi-router/archer-a6/;unchanged
Archer A6(EU) 2;Archer A6;Роутеры Wi-Fi;https://www.tp-link.com/kz/home-networking/wifi-router/archer-a6/;unchanged
Archer A6(RU) 2;Archer A6;Роутеры Wi-Fi;https://www.tp-link.com/kz/home-networking/wifi-router/archer-a6/;unchanged
Archer A64(EU) 2;Archer A64;Роутеры Wi-Fi;https://www.tp-link.com/kz/home-networking/wifi-router/archer-a64/;unchanged
Archer A64 2;Archer A64;Роутеры Wi-Fi;https://www.tp-link.com/kz/home-networking/wifi-router/archer-a64/;unchanged
Archer A64(EU) 1;Archer A64;Роутеры Wi-Fi;https://www.tp-link.com/kz/home-networking/wifi-router/archer-a64/;unchanged
Archer A64(RU) 1;Archer A64;Роутеры Wi-Fi;https://www.tp-link.com/kz/home-networking/wifi-router/archer-a64/;unchanged
Archer A8(RU) 2.2;Archer A8;Роутеры Wi-Fi;https://www.tp-link.com/kz/home-networking/wifi-router/archer-a8/;unchanged
Archer A8(RU) 2.20;Archer A8;Роутеры Wi-Fi;https://www.tp-link.com/kz/home-networking/wifi-router/archer-a8/;unchanged
Archer A8(EU) 2.20;Archer A8;Роутеры Wi-Fi;https://www.tp-link.com/kz/home-networking/wifi-router/archer-a8/;unchanged
Archer A8(EU) 2.2;Archer A8;Роутеры Wi-Fi;https://www.tp-link.com/kz/home-networking/wifi-router/archer-a8/;unchanged
Archer A8(RU) 2;Archer A8;Роутеры Wi-Fi;https://www.tp-link.com/kz/home-networking/wifi-router/archer-a8/;unchanged
Archer A8(EU) 2;Archer A8;Роутеры Wi-Fi;https://www.tp-link.com/kz/home-networking/wifi-router/archer-a8/;unchanged
Archer A8(EU) 2.0;Archer A8;Роутеры Wi-Fi;https://www.tp-link.com/kz/home-networking/wifi-router/archer-a8/;unchanged
Archer A8(EU) 1;Archer A8;Роутеры Wi-Fi;https://www.tp-link.com/kz/home-networking/wifi-router/archer-a8/;unchanged
Archer A8(RU) 1;Archer A8;Роутеры Wi-Fi;https://www.tp-link.com/kz/home-networking/wifi-router/archer-a8/;unchanged
Archer Air|https://www.tp-link.com/kz/home-networking/wifi-router/archer-air-r5/;Archer Air;Роутеры Wi-Fi;https://www.tp-link.com/kz/home-networking/wifi-router/archer-air-r5/;unchanged
Archer AX10(EU) 3;Archer AX10;Роутеры Wi-Fi;https://www.tp-link.com/kz/home-networking/wifi-router/archer-ax10/;unchanged
Archer AX10(EU) 3.0;Archer AX10;Роутеры Wi-Fi;https://www.tp-link.com/kz/home-networking/wifi-router/archer-ax10/;unchanged
Archer AX10 3;Archer AX10;Роутеры Wi-Fi;https://www.tp-link.com/kz/home-networking/wifi-router/archer-ax10/;unchanged
Archer AX10 V3;Archer AX10;Роутеры Wi-Fi;https://www.tp-link.com/kz/home-networking/wifi-router/archer-ax10/;unchanged
Archer AX10 V2;Archer AX10;Роутеры Wi-Fi;https://www.tp-link.com/kz/home-networking/wifi-router/archer-ax10/;unchanged
Archer AX10 V1;Archer AX10;Роутеры Wi-Fi;https://www.tp-link.com/kz/home-networking/wifi-router/archer-ax10/;unchanged
Archer AX10(EU) 2;Archer AX10;Роутеры Wi-Fi;https://www.tp-link.com/kz/home-networking/wifi-router/archer-ax10/;unchanged
Archer AX10 2;Archer AX10;Роутеры Wi-Fi;https://www.tp-link.com/kz/home-networking/wifi-router/archer-ax10/;unchanged
Archer AX10(EU) 1.2;Archer AX10;Роутеры Wi-Fi;https://www.tp-link.com/kz/home-networking/wifi-router/archer-ax10/;unchanged
Archer AX10(EU) 1.20;Archer AX10;Роутеры Wi-Fi;https://www.tp-link.com/kz/home-networking/wifi-router/archer-ax10/;unchanged
Archer AX10(EU) 1;Archer AX10;Роутеры Wi-Fi;https://www.tp-link.com/kz/home-networking/wifi-router/archer-ax10/;unchanged
Archer AX10 1;Archer AX10;Роутеры Wi-Fi;https://www.tp-link.com/kz/home-networking/wifi-router/archer-ax10/;unchanged
Archer AX11000(EU) 2;Archer AX11000;Роутеры Wi-Fi;https://www.tp-link.com/kz/home-networking/wifi-router/archer-ax11000/;unchanged
Archer AX11000 2;Archer AX11000;Роутеры Wi-Fi;https://www.tp-link.com/kz/home-networking/wifi-router/archer-ax11000/;unchanged
Archer AX11000(EU) 1;Archer AX11000;Роутеры Wi-Fi;https://www.tp-link.com/kz/home-networking/wifi-router/archer-ax11000/;unchanged
Archer AX12(EU) 1;Archer AX12;Роутеры Wi-Fi;https://www.tp-link.com/kz/home-networking/wifi-router/archer-ax12/;unchanged
Archer AX12(RU) 1;Archer AX12;Роутеры Wi-Fi;https://www.tp-link.com/kz/home-networking/wifi-router/archer-ax12/;unchanged
Archer AX12 1;Archer AX12;Роутеры Wi-Fi;https://www.tp-link.com/kz/home-networking/wifi-router/archer-ax12/;unchanged
Archer AX1500(EU) 3;Archer AX1500;Роутеры Wi-Fi;https://www.tp-link.com/kz/home-networking/wifi-router/archer-ax1500/;unchanged
Archer AX1500(EU) 3.0;Archer AX1500;Роутеры Wi-Fi;https://www.tp-link.com/kz/home-networking/wifi-router/archer-ax1500/;unchanged
Archer AX1500 3;Archer AX1500;Роутеры Wi-Fi;https://www.tp-link.com/kz/home-networking/wifi-router/archer-ax1500/;unchanged
Archer AX1500(EU) 1.20;Archer AX1500;Роутеры Wi-Fi;https://www.tp-link.com/kz/home-networking/wifi-router/archer-ax1500/;unchanged
Archer AX1500(EU) 1;Archer AX1500;Роутеры Wi-Fi;https://www.tp-link.com/kz/home-networking/wifi-router/archer-ax1500/;unchanged
Archer AX1500 1;Archer AX1500;Роутеры Wi-Fi;https://www.tp-link.com/kz/home-networking/wifi-router/archer-ax1500/;unchanged
Archer AX17(EU) 1;Archer AX17;Роутеры Wi-Fi;https://www.tp-link.com/kz/home-networking/wifi-router/archer-ax17/;unchanged
Archer AX17(RU) 1;Archer AX17;Роутеры Wi-Fi;https://www.tp-link.com/kz/home-networking/wifi-router/archer-ax17/;unchanged
Archer AX17 1;Archer AX17;Роутеры Wi-Fi;https://www.tp-link.com/kz/home-networking/wifi-router/archer-ax17/;unchanged
Archer AX18(EU) 1;Archer AX18;Роутеры Wi-Fi;https://www.tp-link.com/kz/home-networking/wifi-router/archer-ax18/;unchanged
Archer AX18(RU) 1;Archer AX18;Роутеры Wi-Fi;https://www.tp-link.com/kz/home-networking/wifi-router/archer-ax18/;unchanged
Archer AX18 1;Archer AX18;Роутеры Wi-Fi;https://www.tp-link.com/kz/home-networking/wifi-router/archer-ax18/;unchanged
Archer AX1800(EU) 2;Archer AX1800;Роутеры Wi-Fi;https://www.tp-link.com/kz/home-networking/wifi-router/archer-ax1800/;unchanged
Archer AX1800 2;Archer AX1800;Роутеры Wi-Fi;https://www.tp-link.com/kz/home-networking/wifi-router/archer-ax1800/;unchanged
Archer AX1800(EU) 1.20;Archer AX1800;Роутеры Wi-Fi;https://www.tp-link.com/kz/home-networking/wifi-router/archer-ax1800/;unchanged
Archer AX1800(EU) 1.2;Archer AX1800;Роутеры Wi-Fi;https://www.tp-link.com/kz/home-networking/wifi-router/archer-ax1800/;unchanged
Archer AX1800(RU) 1.20;Archer AX1800;Роутеры Wi-Fi;https://www.tp-link.com/kz/home-networking/wifi-router/archer-ax1800/;unchanged
Archer AX1800(RU) 1.2;Archer AX1800;Роутеры Wi-Fi;https://www.tp-link.com/kz/home-networking/wifi-router/archer-ax1800/;unchanged
Archer AX1800(EU) 1;Archer AX1800;Роутеры Wi-Fi;https://www.tp-link.com/kz/home-networking/wifi-router/archer-ax1800/;unchanged
Archer AX1800(RU) 1;Archer AX1800;Роутеры Wi-Fi;https://www.tp-link.com/kz/home-networking/wifi-router/archer-ax1800/;unchanged
Archer AX20(EU) 3;Archer AX20;Роутеры Wi-Fi;https://www.tp-link.com/kz/home-networking/wifi-router/archer-ax20/;unchanged
Archer AX20(EU) 2;Archer AX20;Роутеры Wi-Fi;https://www.tp-link.com/kz/home-networking/wifi-router/archer-ax20/;unchanged
Archer AX20 2;Archer AX20;Роутеры Wi-Fi;https://www.tp-link.com/kz/home-networking/wifi-router/archer-ax20/;unchanged
Archer AX20(EU) 1.2;Archer AX20;Роутеры Wi-Fi;https://www.tp-link.com/kz/home-networking/wifi-router/archer-ax20/;unchanged
Archer AX20(EU) 1;Archer AX20;Роутеры Wi-Fi;https://www.tp-link.com/kz/home-networking/wifi-router/archer-ax20/;unchanged
Archer AX20 1;Archer AX20;Роутеры Wi-Fi;https://www.tp-link.com/kz/home-networking/wifi-router/archer-ax20/;unchanged
Archer AX23(EU) 2;Archer AX23;Роутеры Wi-Fi;https://www.tp-link.com/kz/home-networking/wifi-router/archer-ax23/;unchanged
Archer AX23 2;Archer AX23;Роутеры Wi-Fi;https://www.tp-link.com/kz/home-networking/wifi-router/archer-ax23/;unchanged
Archer AX23(EU) 1.2;Archer AX23;Роутеры Wi-Fi;https://www.tp-link.com/kz/home-networking/wifi-router/archer-ax23/;unchanged
Archer AX23(RU) 1.2;Archer AX23;Роутеры Wi-Fi;https://www.tp-link.com/kz/home-networking/wifi-router/archer-ax23/;unchanged
Archer AX23(RU) 1.20;Archer AX23;Роутеры Wi-Fi;https://www.tp-link.com/kz/home-networking/wifi-router/archer-ax23/;unchanged
Archer AX23(EU) 1.20;Archer AX23;Роутеры Wi-Fi;https://www.tp-link.com/kz/home-networking/wifi-router/archer-ax23/;unchanged
Archer AX23(UN) 1.2;Archer AX23;Роутеры Wi-Fi;https://www.tp-link.com/kz/home-networking/wifi-router/archer-ax23/;unchanged
Archer AX23(EU) 1;Archer AX23;Роутеры Wi-Fi;https://www.tp-link.com/kz/home-networking/wifi-router/archer-ax23/;unchanged
Archer AX23(RU) 1;Archer AX23;Роутеры Wi-Fi;https://www.tp-link.com/kz/home-networking/wifi-router/archer-ax23/;unchanged
Archer AX23(UN) 1;Archer AX23;Роутеры Wi-Fi;https://www.tp-link.com/kz/home-networking/wifi-router/archer-ax23/;unchanged
Archer AX23 1;Archer AX23;Роутеры Wi-Fi;https://www.tp-link.com/kz/home-networking/wifi-router/archer-ax23/;unchanged
Archer AX3000(RU) 2;Archer AX3000;Роутеры Wi-Fi;https://www.tp-link.com/kz/home-networking/wifi-router/archer-ax3000/;unchanged
Archer AX3000(US) 1;Archer AX3000;Роутеры Wi-Fi;https://www.tp-link.com/kz/home-networking/wifi-router/archer-ax3000/;unchanged
Archer AX3000(RU) 1;Archer AX3000;Роутеры Wi-Fi;https://www.tp-link.com/kz/home-networking/wifi-router/archer-ax3000/;unchanged
Archer AX3000 1;Archer AX3000;Роутеры Wi-Fi;https://www.tp-link.com/kz/home-networking/wifi-router/archer-ax3000/;unchanged
Archer AX50(EU) 1;Archer AX50;Роутеры Wi-Fi;https://www.tp-link.com/kz/home-networking/wifi-router/archer-ax50/;unchanged
Archer AX50 1;Archer AX50;Роутеры Wi-Fi;https://www.tp-link.com/kz/home-networking/wifi-router/archer-ax50/;unchanged
Archer AX53(RU) 2;Archer AX53;Роутеры Wi-Fi;https://www.tp-link.com/kz/home-networking/wifi-router/archer-ax53/;unchanged
Archer AX53(EU) 2;Archer AX53;Роутеры Wi-Fi;https://www.tp-link.com/kz/home-networking/wifi-router/archer-ax53/;unchanged
Archer AX53 2;Archer AX53;Роутеры Wi-Fi;https://www.tp-link.com/kz/home-networking/wifi-router/archer-ax53/;unchanged
Archer AX53(EU) 1;Archer AX53;Роутеры Wi-Fi;https://www.tp-link.com/kz/home-networking/wifi-router/archer-ax53/;unchanged
Archer AX53(RU) 1;Archer AX53;Роутеры Wi-Fi;https://www.tp-link.com/kz/home-networking/wifi-router/archer-ax53/;unchanged
Archer AX53 1;Archer AX53;Роутеры Wi-Fi;https://www.tp-link.com/kz/home-networking/wifi-router/archer-ax53/;unchanged
Archer AX5400(JP) 1;Archer AX5400;Роутеры Wi-Fi;https://www.tp-link.com/kz/home-networking/wifi-router/archer-ax5400/;unchanged
Archer AX5400(RU) 1;Archer AX5400;Роутеры Wi-Fi;https://www.tp-link.com/kz/home-networking/wifi-router/archer-ax5400/;unchanged
Archer AX55(EU) 4;Archer AX55;Роутеры Wi-Fi;https://www.tp-link.com/kz/home-networking/wifi-router/archer-ax55/;unchanged
Archer AX55 4;Archer AX55;Роутеры Wi-Fi;https://www.tp-link.com/kz/home-networking/wifi-router/archer-ax55/;unchanged
Archer AX55(EU) 2;Archer AX55;Роутеры Wi-Fi;https://www.tp-link.com/kz/home-networking/wifi-router/archer-ax55/;unchanged
Archer AX55(EU) 1;Archer AX55;Роутеры Wi-Fi;https://www.tp-link.com/kz/home-networking/wifi-router/archer-ax55/;unchanged
Archer AX55(RU) 1;Archer AX55;Роутеры Wi-Fi;https://www.tp-link.com/kz/home-networking/wifi-router/archer-ax55/;unchanged
Archer AX55 1;Archer AX55;Роутеры Wi-Fi;https://www.tp-link.com/kz/home-networking/wifi-router/archer-ax55/;unchanged
Archer AX55 V2;Archer AX55;Роутеры Wi-Fi;https://www.tp-link.com/kz/home-networking/wifi-router/archer-ax55-pro/;unchanged
Archer AX55 V1;Archer AX55;Роутеры Wi-Fi;https://www.tp-link.com/kz/home-networking/wifi-router/archer-ax55-pro/;unchanged
Archer AX56(EU) 1;Archer AX56;Роутеры Wi-Fi;https://www.tp-link.com/kz/home-networking/wifi-router/archer-ax56/;unchanged
Archer AX58(RU) 2;Archer AX58;Роутеры Wi-Fi;https://www.tp-link.com/kz/home-networking/wifi-router/archer-ax58/;unchanged
Archer AX58(EU) 2;Archer AX58;Роутеры Wi-Fi;https://www.tp-link.com/kz/home-networking/wifi-router/archer-ax58/;unchanged
Archer AX58 2;Archer AX58;Роутеры Wi-Fi;https://www.tp-link.com/kz/home-networking/wifi-router/archer-ax58/;unchanged
Archer AX58(EU) 1;Archer AX58;Роутеры Wi-Fi;https://www.tp-link.com/kz/home-networking/wifi-router/archer-ax58/;unchanged
Archer AX58 1;Archer AX58;Роутеры Wi-Fi;https://www.tp-link.com/kz/home-networking/wifi-router/archer-ax58/;unchanged
Archer AX6000(EU) 2;Archer AX6000;Роутеры Wi-Fi;https://www.tp-link.com/kz/home-networking/wifi-router/archer-ax6000/;unchanged
Archer AX6000(UN) 2;Archer AX6000;Роутеры Wi-Fi;https://www.tp-link.com/kz/home-networking/wifi-router/archer-ax6000/;unchanged
Archer AX6000(EU) 1;Archer AX6000;Роутеры Wi-Fi;https://www.tp-link.com/kz/home-networking/wifi-router/archer-ax6000/;unchanged
Archer AX6000 1;Archer AX6000;Роутеры Wi-Fi;https://www.tp-link.com/kz/home-networking/wifi-router/archer-ax6000/;unchanged
Archer AX72(EU) 1;Archer AX72;Роутеры Wi-Fi;https://www.tp-link.com/kz/home-networking/wifi-router/archer-ax72/;unchanged
Archer AX72(RU) 1;Archer AX72;Роутеры Wi-Fi;https://www.tp-link.com/kz/home-networking/wifi-router/archer-ax72/;unchanged
Archer AX72(UN) 1;Archer AX72;Роутеры Wi-Fi;https://www.tp-link.com/kz/home-networking/wifi-router/archer-ax72/;unchanged
Archer AX72 1;Archer AX72;Роутеры Wi-Fi;https://www.tp-link.com/kz/home-networking/wifi-router/archer-ax72/;unchanged
Archer AX72|https://www.tp-link.com/kz/home-networking/wifi-router/archer-ax72-pro/;Archer AX72;Роутеры Wi-Fi;https://www.tp-link.com/kz/home-networking/wifi-router/archer-ax72-pro/;unchanged
Archer AX73(EU) 2.2;Archer AX73;Роутеры Wi-Fi;https://www.tp-link.com/kz/home-networking/wifi-router/archer-ax73/;unchanged
Archer AX73(EU) 2;Archer AX73;Роутеры Wi-Fi;https://www.tp-link.com/kz/home-networking/wifi-router/archer-ax73/;unchanged
Archer AX73(RU) 2;Archer AX73;Роутеры Wi-Fi;https://www.tp-link.com/kz/home-networking/wifi-router/archer-ax73/;unchanged
Archer AX73 2;Archer AX73;Роутеры Wi-Fi;https://www.tp-link.com/kz/home-networking/wifi-router/archer-ax73/;unchanged
Archer AX73(EU) 1;Archer AX73;Роутеры Wi-Fi;https://www.tp-link.com/kz/home-networking/wifi-router/archer-ax73/;unchanged
Archer AX73(RU) 1;Archer AX73;Роутеры Wi-Fi;https://www.tp-link.com/kz/home-networking/wifi-router/archer-ax73/;unchanged
Archer AX73(UN) 1;Archer AX73;Роутеры Wi-Fi;https://www.tp-link.com/kz/home-networking/wifi-router/archer-ax73/;unchanged
Archer AX73 1;Archer AX73;Роутеры Wi-Fi;https://www.tp-link.com/kz/home-networking/wifi-router/archer-ax73/;unchanged
Archer AX80(EU) 2;Archer AX80;Роутеры Wi-Fi;https://www.tp-link.com/kz/home-networking/wifi-router/archer-ax80/;unchanged
Archer AX80(EU) 1;Archer AX80;Роутеры Wi-Fi;https://www.tp-link.com/kz/home-networking/wifi-router/archer-ax80/;unchanged
Archer AX80(RU) 1;Archer AX80;Роутеры Wi-Fi;https://www.tp-link.com/kz/home-networking/wifi-router/archer-ax80/;unchanged
Archer AX80 1;Archer AX80;Роутеры Wi-Fi;https://www.tp-link.com/kz/home-networking/wifi-router/archer-ax80/;unchanged
Archer AX90(EU) 1.20;Archer AX90;Роутеры Wi-Fi;https://www.tp-link.com/kz/home-networking/wifi-router/archer-ax90/;unchanged
Archer AX90(EU) 1.2;Archer AX90;Роутеры Wi-Fi;https://www.tp-link.com/kz/home-networking/wifi-router/archer-ax90/;unchanged
Archer AX90(EU) 1;Archer AX90;Роутеры Wi-Fi;https://www.tp-link.com/kz/home-networking/wifi-router/archer-ax90/;unchanged
Archer AX90 1;Archer AX90;Роутеры Wi-Fi;https://www.tp-link.com/kz/home-networking/wifi-router/archer-ax90/;unchanged
Archer AX95(EU) 1;Archer AX95;Роутеры Wi-Fi;https://www.tp-link.com/kz/home-networking/wifi-router/archer-ax95/;unchanged
Archer AX95 1;Archer AX95;Роутеры Wi-Fi;https://www.tp-link.com/kz/home-networking/wifi-router/archer-ax95/;unchanged
Archer AXE75(EU) 2;Archer AXE75;Роутеры Wi-Fi;https://www.tp-link.com/kz/home-networking/wifi-router/archer-axe75/;unchanged
Archer AXE75 2;Archer AXE75;Роутеры Wi-Fi;https://www.tp-link.com/kz/home-networking/wifi-router/archer-axe75/;unchanged
Archer AXE75(EU) 1;Archer AXE75;Роутеры Wi-Fi;https://www.tp-link.com/kz/home-networking/wifi-router/archer-axe75/;unchanged
Archer AXE75 1;Archer AXE75;Роутеры Wi-Fi;https://www.tp-link.com/kz/home-networking/wifi-router/archer-axe75/;unchanged
Archer BE220 V3;Archer BE220;Роутеры Wi-Fi;https://www.tp-link.com/kz/home-networking/wifi-router/archer-be220/;unchanged
Archer BE220 V1;Archer BE220;Роутеры Wi-Fi;https://www.tp-link.com/kz/home-networking/wifi-router/archer-be220/;unchanged
Archer BE220(RU) 1;Archer BE220;Роутеры Wi-Fi;https://www.tp-link.com/kz/home-networking/wifi-router/archer-be220/;unchanged
Archer BE220(EU) 1;Archer BE220;Роутеры Wi-Fi;https://www.tp-link.com/kz/home-networking/wifi-router/archer-be220/;unchanged
Archer BE220 1;Archer BE220;Роутеры Wi-Fi;https://www.tp-link.com/kz/home-networking/wifi-router/archer-be220/;unchanged
Archer BE220W(EU) 1;Archer BE220W;Роутеры Wi-Fi;https://www.tp-link.com/kz/home-networking/wifi-router/archer-be220w/;unchanged
Archer BE220W(RU) 1;Archer BE220W;Роутеры Wi-Fi;https://www.tp-link.com/kz/home-networking/wifi-router/archer-be220w/;unchanged
Archer BE230 V2;Archer BE230;Роутеры Wi-Fi;https://www.tp-link.com/kz/home-networking/wifi-router/archer-be230/;unchanged
Archer BE230 V1;Archer BE230;Роутеры Wi-Fi;https://www.tp-link.com/kz/home-networking/wifi-router/archer-be230/;unchanged
Archer BE230(EU) 2.20;Archer BE230;Роутеры Wi-Fi;https://www.tp-link.com/kz/home-networking/wifi-router/archer-be230/;unchanged
Archer BE230(EU) 2;Archer BE230;Роутеры Wi-Fi;https://www.tp-link.com/kz/home-networking/wifi-router/archer-be230/;unchanged
Archer BE230 2;Archer BE230;Роутеры Wi-Fi;https://www.tp-link.com/kz/home-networking/wifi-router/archer-be230/;unchanged
Archer BE230(RU) 1;Archer BE230;Роутеры Wi-Fi;https://www.tp-link.com/kz/home-networking/wifi-router/archer-be230/;unchanged
Archer BE230(EU) 1;Archer BE230;Роутеры Wi-Fi;https://www.tp-link.com/kz/home-networking/wifi-router/archer-be230/;unchanged
Archer BE230 1;Archer BE230;Роутеры Wi-Fi;https://www.tp-link.com/kz/home-networking/wifi-router/archer-be230/;unchanged
Archer BE400 V1;Archer BE400;Роутеры Wi-Fi;https://www.tp-link.com/kz/home-networking/wifi-router/archer-be400/;unchanged
Archer BE400(EU) 1.20;Archer BE400;Роутеры Wi-Fi;https://www.tp-link.com/kz/home-networking/wifi-router/archer-be400/;unchanged
Archer BE400(EU) 1;Archer BE400;Роутеры Wi-Fi;https://www.tp-link.com/kz/home-networking/wifi-router/archer-be400/;unchanged
Archer BE400 1;Archer BE400;Роутеры Wi-Fi;https://www.tp-link.com/kz/home-networking/wifi-router/archer-be400/;unchanged
Archer BE450(EU) 1;Archer BE450;Роутеры Wi-Fi;https://www.tp-link.com/kz/home-networking/wifi-router/archer-be450/;unchanged
Archer BE450 1;Archer BE450;Роутеры Wi-Fi;https://www.tp-link.com/kz/home-networking/wifi-router/archer-be450/;unchanged
Archer BE550(EU) 2;Archer BE550;Роутеры Wi-Fi;https://www.tp-link.com/kz/home-networking/wifi-router/archer-be550/;unchanged
Archer BE550 2;Archer BE550;Роутеры Wi-Fi;https://www.tp-link.com/kz/home-networking/wifi-router/archer-be550/;unchanged
Archer BE550(EU) 1;Archer BE550;Роутеры Wi-Fi;https://www.tp-link.com/kz/home-networking/wifi-router/archer-be550/;unchanged
Archer BE550 1;Archer BE550;Роутеры Wi-Fi;https://www.tp-link.com/kz/home-networking/wifi-router/archer-be550/;unchanged
Archer BE800 V1;Archer BE800;Роутеры Wi-Fi;https://www.tp-link.com/kz/home-networking/wifi-router/archer-be800/;unchanged
Archer BE800(EU) 1.20;Archer BE800;Роутеры Wi-Fi;https://www.tp-link.com/kz/home-networking/wifi-router/archer-be800/;unchanged
Archer BE800(EU) 1;Archer BE800;Роутеры Wi-Fi;https://www.tp-link.com/kz/home-networking/wifi-router/archer-be800/;unchanged
Archer BE800 1;Archer BE800;Роутеры Wi-Fi;https://www.tp-link.com/kz/home-networking/wifi-router/archer-be800/;unchanged
Archer BE805(EU) 1.20;Archer BE805;Роутеры Wi-Fi;https://www.tp-link.com/kz/home-networking/wifi-router/archer-be805/;unchanged
Archer BE805(EU) 1;Archer BE805;Роутеры Wi-Fi;https://www.tp-link.com/kz/home-networking/wifi-router/archer-be805/;unchanged
Archer BE805 1;Archer BE805;Роутеры Wi-Fi;https://www.tp-link.com/kz/home-networking/wifi-router/archer-be805/;unchanged
Archer C1200(EU) 2;Archer C1200;Роутеры Wi-Fi;https://www.tp-link.com/kz/home-networking/wifi-router/archer-c1200/;unchanged
Archer C1200(RU) 2;Archer C1200;Роутеры Wi-Fi;https://www.tp-link.com/kz/home-networking/wifi-router/archer-c1200/;unchanged
Archer C1200 2;Archer C1200;Роутеры Wi-Fi;https://www.tp-link.com/kz/home-networking/wifi-router/archer-c1200/;unchanged
Archer C1200(EU) 1;Archer C1200;Роутеры Wi-Fi;https://www.tp-link.com/kz/home-networking/wifi-router/archer-c1200/;unchanged
Archer C2(EU) 5;Archer C2;Роутеры Wi-Fi;https://www.tp-link.com/kz/home-networking/wifi-router/archer-c2/;unchanged
Archer C2(RU) 5;Archer C2;Роутеры Wi-Fi;https://www.tp-link.com/kz/home-networking/wifi-router/archer-c2/;unchanged
Archer C2(US) 5;Archer C2;Роутеры Wi-Fi;https://www.tp-link.com/kz/home-networking/wifi-router/archer-c2/;unchanged
Archer C2(EU) 3;Archer C2;Роутеры Wi-Fi;https://www.tp-link.com/kz/home-networking/wifi-router/archer-c2/;unchanged
Archer C2(RU) 1;Archer C2;Роутеры Wi-Fi;https://www.tp-link.com/kz/home-networking/wifi-router/archer-c2/;unchanged
Archer C2 1;Archer C2;Роутеры Wi-Fi;https://www.tp-link.com/kz/home-networking/wifi-router/archer-c2/;unchanged
Archer C20(RU) 6.20;Archer C20;Роутеры Wi-Fi;https://www.tp-link.com/kz/home-networking/wifi-router/archer-c20/;unchanged
Archer C20(EU) 6.20;Archer C20;Роутеры Wi-Fi;https://www.tp-link.com/kz/home-networking/wifi-router/archer-c20/;unchanged
Archer C20(RU) 6.2;Archer C20;Роутеры Wi-Fi;https://www.tp-link.com/kz/home-networking/wifi-router/archer-c20/;unchanged
Archer C20(EU) 6.2;Archer C20;Роутеры Wi-Fi;https://www.tp-link.com/kz/home-networking/wifi-router/archer-c20/;unchanged
Archer C20(RU) 6;Archer C20;Роутеры Wi-Fi;https://www.tp-link.com/kz/home-networking/wifi-router/archer-c20/;unchanged
Archer C20(EU) 6;Archer C20;Роутеры Wi-Fi;https://www.tp-link.com/kz/home-networking/wifi-router/archer-c20/;unchanged
Archer C20(EU) 5;Archer C20;Роутеры Wi-Fi;https://www.tp-link.com/kz/home-networking/wifi-router/archer-c20/;unchanged
Archer C20(RU) 5;Archer C20;Роутеры Wi-Fi;https://www.tp-link.com/kz/home-networking/wifi-router/archer-c20/;unchanged
Archer C20 5;Archer C20;Роутеры Wi-Fi;https://www.tp-link.com/kz/home-networking/wifi-router/archer-c20/;unchanged
Archer C20(EU) 4;Archer C20;Роутеры Wi-Fi;https://www.tp-link.com/kz/home-networking/wifi-router/archer-c20/;unchanged
Archer C20(RU) 4;Archer C20;Роутеры Wi-Fi;https://www.tp-link.com/kz/home-networking/wifi-router/archer-c20/;unchanged
Archer C20 4;Archer C20;Роутеры Wi-Fi;https://www.tp-link.com/kz/home-networking/wifi-router/archer-c20/;unchanged
Archer C20 V6;Archer C20;Роутеры Wi-Fi;https://www.tp-link.com/kz/home-networking/wifi-router/archer-c20/;unchanged
Archer C20 V5;Archer C20;Роутеры Wi-Fi;https://www.tp-link.com/kz/home-networking/wifi-router/archer-c20/;unchanged
Archer C20 V4;Archer C20;Роутеры Wi-Fi;https://www.tp-link.com/kz/home-networking/wifi-router/archer-c20/;unchanged
Archer C20 V2;Archer C20;Роутеры Wi-Fi;https://www.tp-link.com/kz/home-networking/wifi-router/archer-c20/;unchanged
Archer C20 V1;Archer C20;Роутеры Wi-Fi;https://www.tp-link.com/kz/home-networking/wifi-router/archer-c20/;unchanged
Archer C20(EU) 1;Archer C20;Роутеры Wi-Fi;https://www.tp-link.com/kz/home-networking/wifi-router/archer-c20/;unchanged
Archer C20(RU) 1;Archer C20;Роутеры Wi-Fi;https://www.tp-link.com/kz/home-networking/wifi-router/archer-c20/;unchanged
Archer C20 1;Archer C20;Роутеры Wi-Fi;https://www.tp-link.com/kz/home-networking/wifi-router/archer-c20/;unchanged
Archer C20i(UN) 1;Archer C20i;Роутеры Wi-Fi;https://www.tp-link.com/kz/home-networking/wifi-router/archer-c20i/;unchanged
Archer C20i(EU) 1;Archer C20i;Роутеры Wi-Fi;https://www.tp-link.com/kz/home-networking/wifi-router/archer-c20i/;unchanged
Archer C20i 1;Archer C20i;Роутеры Wi-Fi;https://www.tp-link.com/kz/home-networking/wifi-router/archer-c20i/;unchanged
Archer C2300(EU) 2;Archer C2300;Роутеры Wi-Fi;https://www.tp-link.com/kz/home-networking/wifi-router/archer-c2300/;unchanged
Archer C2300(EU) 1;Archer C2300;Роутеры Wi-Fi;https://www.tp-link.com/kz/home-networking/wifi-router/archer-c2300/;unchanged
Archer C24(EU) 2;Archer C24;Роутеры Wi-Fi;https://www.tp-link.com/kz/home-networking/wifi-router/archer-c24/;unchanged
Archer C24(RU) 2;Archer C24;Роутеры Wi-Fi;https://www.tp-link.com/kz/home-networking/wifi-router/archer-c24/;unchanged
Archer C24(EU) 1;Archer C24;Роутеры Wi-Fi;https://www.tp-link.com/kz/home-networking/wifi-router/archer-c24/;unchanged
Archer C24(RU) 1;Archer C24;Роутеры Wi-Fi;https://www.tp-link.com/kz/home-networking/wifi-router/archer-c24/;unchanged
Archer C25|https://www.tp-link.com/kz/home-networking/wifi-router/archer-c25/;Archer C25;Роутеры Wi-Fi;https://www.tp-link.com/kz/home-networking/wifi-router/archer-c25/;unchanged
Archer C2600(UN) 1;Archer C2600;Роутеры Wi-Fi;https://www.tp-link.com/kz/home-networking/wifi-router/archer-c2600/;unchanged
Archer C2600 1;Archer C2600;Роутеры Wi-Fi;https://www.tp-link.com/kz/home-networking/wifi-router/archer-c2600/;unchanged
Archer C3150(RU) 2;Archer C3150;Роутеры Wi-Fi;https://www.tp-link.com/kz/home-networking/wifi-router/archer-c3150/;unchanged
Archer C3150(EU) 2;Archer C3150;Роутеры Wi-Fi;https://www.tp-link.com/kz/home-networking/wifi-router/archer-c3150/;unchanged
Archer C3150 1;Archer C3150;Роутеры Wi-Fi;https://www.tp-link.com/kz/home-networking/wifi-router/archer-c3150/;unchanged
Archer C3200(EU) 1;Archer C3200;Роутеры Wi-Fi;https://www.tp-link.com/kz/home-networking/wifi-router/archer-c3200/;unchanged
Archer C3200 1;Archer C3200;Роутеры Wi-Fi;https://www.tp-link.com/kz/home-networking/wifi-router/archer-c3200/;unchanged
Archer C4000(EU) 3;Archer C4000;Роутеры Wi-Fi;https://www.tp-link.com/kz/home-networking/wifi-router/archer-c4000/;unchanged
Archer C4000(EU) 2;Archer C4000;Роутеры Wi-Fi;https://www.tp-link.com/kz/home-networking/wifi-router/archer-c4000/;unchanged
Archer C5(EU) 4;Archer C5;Роутеры Wi-Fi;https://www.tp-link.com/kz/home-networking/wifi-router/archer-c5/;unchanged
Archer C5(EU) 2;Archer C5;Роутеры Wi-Fi;https://www.tp-link.com/kz/home-networking/wifi-router/archer-c5/;unchanged
Archer C5(UN) 2;Archer C5;Роутеры Wi-Fi;https://www.tp-link.com/kz/home-networking/wifi-router/archer-c5/;unchanged
Archer C5 2;Archer C5;Роутеры Wi-Fi;https://www.tp-link.com/kz/home-networking/wifi-router/archer-c5/;unchanged
Archer C5 1;Archer C5;Роутеры Wi-Fi;https://www.tp-link.com/kz/home-networking/wifi-router/archer-c5/;unchanged
Archer C50(EU) 6.40;Archer C50;Роутеры Wi-Fi;https://www.tp-link.com/kz/home-networking/wifi-router/archer-c50/;unchanged
Archer C50(EU) 6;Archer C50;Роутеры Wi-Fi;https://www.tp-link.com/kz/home-networking/wifi-router/archer-c50/;unchanged
Archer C50(RU) 6.20;Archer C50;Роутеры Wi-Fi;https://www.tp-link.com/kz/home-networking/wifi-router/archer-c50/;unchanged
Archer C50(EU) 6.20;Archer C50;Роутеры Wi-Fi;https://www.tp-link.com/kz/home-networking/wifi-router/archer-c50/;unchanged
Archer C50(RU) 6.2;Archer C50;Роутеры Wi-Fi;https://www.tp-link.com/kz/home-networking/wifi-router/archer-c50/;unchanged
Archer C50(RU) 6;Archer C50;Роутеры Wi-Fi;https://www.tp-link.com/kz/home-networking/wifi-router/archer-c50/;unchanged
Archer C50 6;Archer C50;Роутеры Wi-Fi;https://www.tp-link.com/kz/home-networking/wifi-router/archer-c50/;unchanged
Archer C50(EU) 4;Archer C50;Роутеры Wi-Fi;https://www.tp-link.com/kz/home-networking/wifi-router/archer-c50/;unchanged
Archer C50(RU) 4;Archer C50;Роутеры Wi-Fi;https://www.tp-link.com/kz/home-networking/wifi-router/archer-c50/;unchanged
Archer C50(EU) 3;Archer C50;Роутеры Wi-Fi;https://www.tp-link.com/kz/home-networking/wifi-router/archer-c50/;unchanged
Archer C50(RU) 3;Archer C50;Роутеры Wi-Fi;https://www.tp-link.com/kz/home-networking/wifi-router/archer-c50/;unchanged
Archer C50 3;Archer C50;Роутеры Wi-Fi;https://www.tp-link.com/kz/home-networking/wifi-router/archer-c50/;unchanged
Archer C50(RU) 4.2;Archer C50;Роутеры Wi-Fi;https://www.tp-link.com/kz/home-networking/wifi-router/archer-c50/;unchanged
Archer C50(UN) 2;Archer C50;Роутеры Wi-Fi;https://www.tp-link.com/kz/home-networking/wifi-router/archer-c50/;unchanged
Archer C50 2;Archer C50;Роутеры Wi-Fi;https://www.tp-link.com/kz/home-networking/wifi-router/archer-c50/;unchanged
Archer C50(UN) 1;Archer C50;Роутеры Wi-Fi;https://www.tp-link.com/kz/home-networking/wifi-router/archer-c50/;unchanged
Archer C50(RU) 1;Archer C50;Роутеры Wi-Fi;https://www.tp-link.com/kz/home-networking/wifi-router/archer-c50/;unchanged
Archer C50 1;Archer C50;Роутеры Wi-Fi;https://www.tp-link.com/kz/home-networking/wifi-router/archer-c50/;unchanged
Archer C54(EU) 1;Archer C54;Роутеры Wi-Fi;https://www.tp-link.com/kz/home-networking/wifi-router/archer-c54/;unchanged
Archer C54(RU) 1;Archer C54;Роутеры Wi-Fi;https://www.tp-link.com/kz/home-networking/wifi-router/archer-c54/;unchanged
Archer C5400(UN) 2;Archer C5400;Роутеры Wi-Fi;https://www.tp-link.com/kz/home-networking/wifi-router/archer-c5400/;unchanged
Archer C5400(EU) 2;Archer C5400;Роутеры Wi-Fi;https://www.tp-link.com/kz/home-networking/wifi-router/archer-c5400/;unchanged
Archer C5400(EU) 2.0;Archer C5400;Роутеры Wi-Fi;https://www.tp-link.com/kz/home-networking/wifi-router/archer-c5400/;unchanged
Archer C5400 V2;Archer C5400;Роутеры Wi-Fi;https://www.tp-link.com/kz/home-networking/wifi-router/archer-c5400/;unchanged
Archer C5400 V1;Archer C5400;Роутеры Wi-Fi;https://www.tp-link.com/kz/home-networking/wifi-router/archer-c5400/;unchanged
Archer C5400X(EU) 1;Archer C5400X;Роутеры Wi-Fi;https://www.tp-link.com/kz/home-networking/wifi-router/archer-c5400x/;unchanged
Archer C5400X 1;Archer C5400X;Роутеры Wi-Fi;https://www.tp-link.com/kz/home-networking/wifi-router/archer-c5400x/;unchanged
Archer C58 V2;Archer C58;Роутеры Wi-Fi;https://www.tp-link.com/kz/home-networking/wifi-router/archer-c58/;unchanged
Archer C58 V1;Archer C58;Роутеры Wi-Fi;https://www.tp-link.com/kz/home-networking/wifi-router/archer-c58/;unchanged
Archer C58(EU) 1;Archer C58;Роутеры Wi-Fi;https://www.tp-link.com/kz/home-networking/wifi-router/archer-c58/;unchanged
Archer C59(US) 3;Archer C59;Роутеры Wi-Fi;https://www.tp-link.com/kz/home-networking/wifi-router/archer-c59/;unchanged
Archer C59 3;Archer C59;Роутеры Wi-Fi;https://www.tp-link.com/kz/home-networking/wifi-router/archer-c59/;unchanged
Archer C59(RU) 2;Archer C59;Роутеры Wi-Fi;https://www.tp-link.com/kz/home-networking/wifi-router/archer-c59/;unchanged
Archer C59(RU) 1;Archer C59;Роутеры Wi-Fi;https://www.tp-link.com/kz/home-networking/wifi-router/archer-c59/;unchanged
Archer C59 1;Archer C59;Роутеры Wi-Fi;https://www.tp-link.com/kz/home-networking/wifi-router/archer-c59/;unchanged
Archer C6(EU) 6;Archer C6;Роутеры Wi-Fi;https://www.tp-link.com/kz/home-networking/wifi-router/archer-c6/;unchanged
Archer C6(RU) 6;Archer C6;Роутеры Wi-Fi;https://www.tp-link.com/kz/home-networking/wifi-router/archer-c6/;unchanged
Archer C6 6;Archer C6;Роутеры Wi-Fi;https://www.tp-link.com/kz/home-networking/wifi-router/archer-c6/;unchanged
Archer C6(EU) 5;Archer C6;Роутеры Wi-Fi;https://www.tp-link.com/kz/home-networking/wifi-router/archer-c6/;unchanged
Archer C6(EU) 4;Archer C6;Роутеры Wi-Fi;https://www.tp-link.com/kz/home-networking/wifi-router/archer-c6/;unchanged
Archer C6(RU) 4;Archer C6;Роутеры Wi-Fi;https://www.tp-link.com/kz/home-networking/wifi-router/archer-c6/;unchanged
Archer C6 4;Archer C6;Роутеры Wi-Fi;https://www.tp-link.com/kz/home-networking/wifi-router/archer-c6/;unchanged
Archer C6(EU) 3.20;Archer C6;Роутеры Wi-Fi;https://www.tp-link.com/kz/home-networking/wifi-router/archer-c6/;unchanged
Archer C6(EU) 3.2;Archer C6;Роутеры Wi-Fi;https://www.tp-link.com/kz/home-networking/wifi-router/archer-c6/;unchanged
Archer C6(RU) 3.2;Archer C6;Роутеры Wi-Fi;https://www.tp-link.com/kz/home-networking/wifi-router/archer-c6/;unchanged
Archer C6(RU) 3.20;Archer C6;Роутеры Wi-Fi;https://www.tp-link.com/kz/home-networking/wifi-router/archer-c6/;unchanged
Archer C6(EU) 3;Archer C6;Роутеры Wi-Fi;https://www.tp-link.com/kz/home-networking/wifi-router/archer-c6/;unchanged
Archer C6(RU) 3;Archer C6;Роутеры Wi-Fi;https://www.tp-link.com/kz/home-networking/wifi-router/archer-c6/;unchanged
Archer C6(EU) 2;Archer C6;Роутеры Wi-Fi;https://www.tp-link.com/kz/home-networking/wifi-router/archer-c6/;unchanged
Archer C6(RU) 2;Archer C6;Роутеры Wi-Fi;https://www.tp-link.com/kz/home-networking/wifi-router/archer-c6/;unchanged
Archer C60(EU) 3;Archer C60;Роутеры Wi-Fi;https://www.tp-link.com/kz/home-networking/wifi-router/archer-c60/;unchanged
Archer C60(RU) 3;Archer C60;Роутеры Wi-Fi;https://www.tp-link.com/kz/home-networking/wifi-router/archer-c60/;unchanged
Archer C60 3;Archer C60;Роутеры Wi-Fi;https://www.tp-link.com/kz/home-networking/wifi-router/archer-c60/;unchanged
Archer C60(EU) 2;Archer C60;Роутеры Wi-Fi;https://www.tp-link.com/kz/home-networking/wifi-router/archer-c60/;unchanged
Archer C60(RU) 2;Archer C60;Роутеры Wi-Fi;https://www.tp-link.com/kz/home-networking/wifi-router/archer-c60/;unchanged
Archer C60 2;Archer C60;Роутеры Wi-Fi;https://www.tp-link.com/kz/home-networking/wifi-router/archer-c60/;unchanged
Archer C60(EU) 1;Archer C60;Роутеры Wi-Fi;https://www.tp-link.com/kz/home-networking/wifi-router/archer-c60/;unchanged
Archer C60(RU) 1;Archer C60;Роутеры Wi-Fi;https://www.tp-link.com/kz/home-networking/wifi-router/archer-c60/;unchanged
Archer C60 1;Archer C60;Роутеры Wi-Fi;https://www.tp-link.com/kz/home-networking/wifi-router/archer-c60/;unchanged
Archer C64(EU) 2;Archer C64;Роутеры Wi-Fi;https://www.tp-link.com/kz/home-networking/wifi-router/archer-c64/;unchanged
Archer C64(RU) 2;Archer C64;Роутеры Wi-Fi;https://www.tp-link.com/kz/home-networking/wifi-router/archer-c64/;unchanged
Archer C64(EU) 1;Archer C64;Роутеры Wi-Fi;https://www.tp-link.com/kz/home-networking/wifi-router/archer-c64/;unchanged
Archer C64(RU) 1;Archer C64;Роутеры Wi-Fi;https://www.tp-link.com/kz/home-networking/wifi-router/archer-c64/;unchanged
Archer C6U(EU) 1;Archer C6U;Роутеры Wi-Fi;https://www.tp-link.com/kz/home-networking/wifi-router/archer-c6u/;unchanged
Archer C6U(RU) 1;Archer C6U;Роутеры Wi-Fi;https://www.tp-link.com/kz/home-networking/wifi-router/archer-c6u/;unchanged
Archer C7(EU) 5;Archer C7;Роутеры Wi-Fi;https://www.tp-link.com/kz/home-networking/wifi-router/archer-c7/;unchanged
Archer C7(RU) 5;Archer C7;Роутеры Wi-Fi;https://www.tp-link.com/kz/home-networking/wifi-router/archer-c7/;unchanged
Archer C7(RU) 5.0;Archer C7;Роутеры Wi-Fi;https://www.tp-link.com/kz/home-networking/wifi-router/archer-c7/;unchanged
Archer C7(EU) 5.0;Archer C7;Роутеры Wi-Fi;https://www.tp-link.com/kz/home-networking/wifi-router/archer-c7/;unchanged
Archer C7 5;Archer C7;Роутеры Wi-Fi;https://www.tp-link.com/kz/home-networking/wifi-router/archer-c7/;unchanged
Archer C7(EU) 4;Archer C7;Роутеры Wi-Fi;https://www.tp-link.com/kz/home-networking/wifi-router/archer-c7/;unchanged
Archer C7(RU) 4;Archer C7;Роутеры Wi-Fi;https://www.tp-link.com/kz/home-networking/wifi-router/archer-c7/;unchanged
Archer C7 4;Archer C7;Роутеры Wi-Fi;https://www.tp-link.com/kz/home-networking/wifi-router/archer-c7/;unchanged
Archer C7 V5;Archer C7;Роутеры Wi-Fi;https://www.tp-link.com/kz/home-networking/wifi-router/archer-c7/;unchanged
Archer C7 V4;Archer C7;Роутеры Wi-Fi;https://www.tp-link.com/kz/home-networking/wifi-router/archer-c7/;unchanged
Archer C7 V3;Archer C7;Роутеры Wi-Fi;https://www.tp-link.com/kz/home-networking/wifi-router/archer-c7/;unchanged
Archer C7 V2;Archer C7;Роутеры Wi-Fi;https://www.tp-link.com/kz/home-networking/wifi-router/archer-c7/;unchanged
Archer C7 V1;Archer C7;Роутеры Wi-Fi;https://www.tp-link.com/kz/home-networking/wifi-router/archer-c7/;unchanged
Archer C7(EU) 2;Archer C7;Роутеры Wi-Fi;https://www.tp-link.com/kz/home-networking/wifi-router/archer-c7/;unchanged
Archer C7(RU) 2;Archer C7;Роутеры Wi-Fi;https://www.tp-link.com/kz/home-networking/wifi-router/archer-c7/;unchanged
Archer C7 2;Archer C7;Роутеры Wi-Fi;https://www.tp-link.com/kz/home-networking/wifi-router/archer-c7/;unchanged
Archer C7 1;Archer C7;Роутеры Wi-Fi;https://www.tp-link.com/kz/home-networking/wifi-router/archer-c7/;unchanged
Archer C8(EU) 4;Archer C8;Роутеры Wi-Fi;https://www.tp-link.com/kz/home-networking/wifi-router/archer-c8/;unchanged
Archer C8 4;Archer C8;Роутеры Wi-Fi;https://www.tp-link.com/kz/home-networking/wifi-router/archer-c8/;unchanged
Archer C8(EU) 3;Archer C8;Роутеры Wi-Fi;https://www.tp-link.com/kz/home-networking/wifi-router/archer-c8/;unchanged
Archer C8(EU) 3.0;Archer C8;Роутеры Wi-Fi;https://www.tp-link.com/kz/home-networking/wifi-router/archer-c8/;unchanged
Archer C8 3;Archer C8;Роутеры Wi-Fi;https://www.tp-link.com/kz/home-networking/wifi-router/archer-c8/;unchanged
Archer C8(UN) 2;Archer C8;Роутеры Wi-Fi;https://www.tp-link.com/kz/home-networking/wifi-router/archer-c8/;unchanged
Archer C8 2;Archer C8;Роутеры Wi-Fi;https://www.tp-link.com/kz/home-networking/wifi-router/archer-c8/;unchanged
Archer C8(UN) 1;Archer C8;Роутеры Wi-Fi;https://www.tp-link.com/kz/home-networking/wifi-router/archer-c8/;unchanged
Archer C8 1;Archer C8;Роутеры Wi-Fi;https://www.tp-link.com/kz/home-networking/wifi-router/archer-c8/;unchanged
Archer C80(EU) 2.2;Archer C80;Роутеры Wi-Fi;https://www.tp-link.com/kz/home-networking/wifi-router/archer-c80/;unchanged
Archer C80(RU) 2.20;Archer C80;Роутеры Wi-Fi;https://www.tp-link.com/kz/home-networking/wifi-router/archer-c80/;unchanged
Archer C80(RU) 2.2;Archer C80;Роутеры Wi-Fi;https://www.tp-link.com/kz/home-networking/wifi-router/archer-c80/;unchanged
Archer C80(EU) 2.20;Archer C80;Роутеры Wi-Fi;https://www.tp-link.com/kz/home-networking/wifi-router/archer-c80/;unchanged
Archer C80(EU) 2;Archer C80;Роутеры Wi-Fi;https://www.tp-link.com/kz/home-networking/wifi-router/archer-c80/;unchanged
Archer C80(RU) 2;Archer C80;Роутеры Wi-Fi;https://www.tp-link.com/kz/home-networking/wifi-router/archer-c80/;unchanged
Archer C80 2;Archer C80;Роутеры Wi-Fi;https://www.tp-link.com/kz/home-networking/wifi-router/archer-c80/;unchanged
Archer C80(EU) 1;Archer C80;Роутеры Wi-Fi;https://www.tp-link.com/kz/home-networking/wifi-router/archer-c80/;unchanged
Archer C80(RU) 1;Archer C80;Роутеры Wi-Fi;https://www.tp-link.com/kz/home-networking/wifi-router/archer-c80/;unchanged
Archer C86(EU) 2;Archer C86;Роутеры Wi-Fi;https://www.tp-link.com/kz/home-networking/wifi-router/archer-c86/;unchanged
Archer C86(RU) 2;Archer C86;Роутеры Wi-Fi;https://www.tp-link.com/kz/home-networking/wifi-router/archer-c86/;unchanged
Archer C86 2;Archer C86;Роутеры Wi-Fi;https://www.tp-link.com/kz/home-networking/wifi-router/archer-c86/;unchanged
Archer C86(EU) 1;Archer C86;Роутеры Wi-Fi;https://www.tp-link.com/kz/home-networking/wifi-router/archer-c86/;unchanged
Archer C86(RU) 1;Archer C86;Роутеры Wi-Fi;https://www.tp-link.com/kz/home-networking/wifi-router/archer-c86/;unchanged
Archer C86 1;Archer C86;Роутеры Wi-Fi;https://www.tp-link.com/kz/home-networking/wifi-router/archer-c86/;unchanged
Archer GE400 V1;Archer GE400;Роутеры Wi-Fi;https://www.tp-link.com/kz/home-networking/wifi-router/archer-ge400/;unchanged
Archer GE400(EU) 1;Archer GE400;Роутеры Wi-Fi;https://www.tp-link.com/kz/home-networking/wifi-router/archer-ge400/;unchanged
Archer GE400 1;Archer GE400;Роутеры Wi-Fi;https://www.tp-link.com/kz/home-networking/wifi-router/archer-ge400/;unchanged
Archer GE550(EU) 2;Archer GE550;Роутеры Wi-Fi;https://www.tp-link.com/kz/home-networking/wifi-router/archer-ge550/;unchanged
Archer GE550 2;Archer GE550;Роутеры Wi-Fi;https://www.tp-link.com/kz/home-networking/wifi-router/archer-ge550/;unchanged
Archer GE550(EU) 1;Archer GE550;Роутеры Wi-Fi;https://www.tp-link.com/kz/home-networking/wifi-router/archer-ge550/;unchanged
Archer GE550 1;Archer GE550;Роутеры Wi-Fi;https://www.tp-link.com/kz/home-networking/wifi-router/archer-ge550/;unchanged
Archer GE800(EU) 1;Archer GE800;Роутеры Wi-Fi;https://www.tp-link.com/kz/home-networking/wifi-router/archer-ge800/;unchanged
Archer GE800 1;Archer GE800;Роутеры Wi-Fi;https://www.tp-link.com/kz/home-networking/wifi-router/archer-ge800/;unchanged
Archer GX90(EU) 1;Archer GX90;Роутеры Wi-Fi;https://www.tp-link.com/kz/home-networking/wifi-router/archer-gx90/;unchanged
Archer GXE75(EU) 1;Archer GXE75;Роутеры Wi-Fi;https://www.tp-link.com/kz/home-networking/wifi-router/archer-gxe75/;unchanged
Archer GXE75 1;Archer GXE75;Роутеры Wi-Fi;https://www.tp-link.com/kz/home-networking/wifi-router/archer-gxe75/;unchanged
Buying Guide|https://www.tp-link.com/kz/home-networking/wifi-router/buying-guide/;Buying Guide;Роутеры Wi-Fi;https://www.tp-link.com/kz/home-networking/wifi-router/buying-guide/;unchanged
Tl Wdr3500|https://www.tp-link.com/kz/home-networking/wifi-router/tl-wdr3500/;Tl Wdr3500;Роутеры Wi-Fi;https://www.tp-link.com/kz/home-networking/wifi-router/tl-wdr3500/;unchanged
Tl Wdr3600|https://www.tp-link.com/kz/home-networking/wifi-router/tl-wdr3600/;Tl Wdr3600;Роутеры Wi-Fi;https://www.tp-link.com/kz/home-networking/wifi-router/tl-wdr3600/;unchanged
Tl Wdr4300|https://www.tp-link.com/kz/home-networking/wifi-router/tl-wdr4300/;Tl Wdr4300;Роутеры Wi-Fi;https://www.tp-link.com/kz/home-networking/wifi-router/tl-wdr4300/;unchanged
Tl Wr1502x V2;Tl Wr1502x;Роутеры Wi-Fi;https://www.tp-link.com/kz/home-networking/wifi-router/tl-wr1502x/;unchanged
Tl Wr1502x V1;Tl Wr1502x;Роутеры Wi-Fi;https://www.tp-link.com/kz/home-networking/wifi-router/tl-wr1502x/;unchanged
Tl Wr1512x V1;Tl Wr1512x;Роутеры Wi-Fi;https://www.tp-link.com/kz/home-networking/wifi-router/tl-wr1512x/;unchanged
Tl Wr3002x|https://www.tp-link.com/kz/home-networking/wifi-router/tl-wr3002x/;Tl Wr3002x;Роутеры Wi-Fi;https://www.tp-link.com/kz/home-networking/wifi-router/tl-wr3002x/;unchanged
Tl Wr3012x V1;Tl Wr3012x;Роутеры Wi-Fi;https://www.tp-link.com/kz/home-networking/wifi-router/tl-wr3012x/;unchanged
Tl Wr3602be V1;Tl Wr3602be;Роутеры Wi-Fi;https://www.tp-link.com/kz/home-networking/wifi-router/tl-wr3602be/;unchanged
Tl Wr740n V7;Tl Wr740n;Роутеры Wi-Fi;https://www.tp-link.com/kz/home-networking/wifi-router/tl-wr740n/;unchanged
Tl Wr740n V6;Tl Wr740n;Роутеры Wi-Fi;https://www.tp-link.com/kz/home-networking/wifi-router/tl-wr740n/;unchanged
Tl Wr740n V5;Tl Wr740n;Роутеры Wi-Fi;https://www.tp-link.com/kz/home-networking/wifi-router/tl-wr740n/;unchanged
Tl Wr740n V4;Tl Wr740n;Роутеры Wi-Fi;https://www.tp-link.com/kz/home-networking/wifi-router/tl-wr740n/;unchanged
Tl Wr740n V3;Tl Wr740n;Роутеры Wi-Fi;https://www.tp-link.com/kz/home-networking/wifi-router/tl-wr740n/;unchanged
Tl Wr740n V2;Tl Wr740n;Роутеры Wi-Fi;https://www.tp-link.com/kz/home-networking/wifi-router/tl-wr740n/;unchanged
Tl Wr740n V1;Tl Wr740n;Роутеры Wi-Fi;https://www.tp-link.com/kz/home-networking/wifi-router/tl-wr740n/;unchanged
Tl Wr820n V2;Tl Wr820n;Роутеры Wi-Fi;https://www.tp-link.com/kz/home-networking/wifi-router/tl-wr820n/;unchanged
Tl Wr820n V1;Tl Wr820n;Роутеры Wi-Fi;https://www.tp-link.com/kz/home-networking/wifi-router/tl-wr820n/;unchanged
Tl Wr840n V6;Tl Wr840n;Роутеры Wi-Fi;https://www.tp-link.com/kz/home-networking/wifi-router/tl-wr840n/;unchanged
Tl Wr840n V5;Tl Wr840n;Роутеры Wi-Fi;https://www.tp-link.com/kz/home-networking/wifi-router/tl-wr840n/;unchanged
Tl Wr840n V4;Tl Wr840n;Роутеры Wi-Fi;https://www.tp-link.com/kz/home-networking/wifi-router/tl-wr840n/;unchanged
Tl Wr840n V3;Tl Wr840n;Роутеры Wi-Fi;https://www.tp-link.com/kz/home-networking/wifi-router/tl-wr840n/;unchanged
Tl Wr840n V2;Tl Wr840n;Роутеры Wi-Fi;https://www.tp-link.com/kz/home-networking/wifi-router/tl-wr840n/;unchanged
Tl Wr840n V1;Tl Wr840n;Роутеры Wi-Fi;https://www.tp-link.com/kz/home-networking/wifi-router/tl-wr840n/;unchanged
Tl Wr841n V14;Tl Wr841n;Роутеры Wi-Fi;https://www.tp-link.com/kz/home-networking/wifi-router/tl-wr841n/;unchanged
Tl Wr841n V13;Tl Wr841n;Роутеры Wi-Fi;https://www.tp-link.com/kz/home-networking/wifi-router/tl-wr841n/;unchanged
Tl Wr841n V12;Tl Wr841n;Роутеры Wi-Fi;https://www.tp-link.com/kz/home-networking/wifi-router/tl-wr841n/;unchanged
Tl Wr841n V11;Tl Wr841n;Роутеры Wi-Fi;https://www.tp-link.com/kz/home-networking/wifi-router/tl-wr841n/;unchanged
Tl Wr841n V10;Tl Wr841n;Роутеры Wi-Fi;https://www.tp-link.com/kz/home-networking/wifi-router/tl-wr841n/;unchanged
Tl Wr841n V9;Tl Wr841n;Роутеры Wi-Fi;https://www.tp-link.com/kz/home-networking/wifi-router/tl-wr841n/;unchanged
Tl Wr841n V8;Tl Wr841n;Роутеры Wi-Fi;https://www.tp-link.com/kz/home-networking/wifi-router/tl-wr841n/;unchanged
Tl Wr841n V7;Tl Wr841n;Роутеры Wi-Fi;https://www.tp-link.com/kz/home-networking/wifi-router/tl-wr841n/;unchanged
Tl Wr841n V5;Tl Wr841n;Роутеры Wi-Fi;https://www.tp-link.com/kz/home-networking/wifi-router/tl-wr841n/;unchanged
Tl Wr841n V1;Tl Wr841n;Роутеры Wi-Fi;https://www.tp-link.com/kz/home-networking/wifi-router/tl-wr841n/;unchanged
Tl Wr842n V5;Tl Wr842n;Роутеры Wi-Fi;https://www.tp-link.com/kz/home-networking/wifi-router/tl-wr842n/;unchanged
Tl Wr842n V4;Tl Wr842n;Роутеры Wi-Fi;https://www.tp-link.com/kz/home-networking/wifi-router/tl-wr842n/;unchanged
Tl Wr842n V3;Tl Wr842n;Роутеры Wi-Fi;https://www.tp-link.com/kz/home-networking/wifi-router/tl-wr842n/;unchanged
Tl Wr844n|https://www.tp-link.com/kz/home-networking/wifi-router/tl-wr844n/;Tl Wr844n;Роутеры Wi-Fi;https://www.tp-link.com/kz/home-networking/wifi-router/tl-wr844n/;unchanged
Tl Wr845n V4;Tl Wr845n;Роутеры Wi-Fi;https://www.tp-link.com/kz/home-networking/wifi-router/tl-wr845n/;unchanged
Tl Wr845n V3;Tl Wr845n;Роутеры Wi-Fi;https://www.tp-link.com/kz/home-networking/wifi-router/tl-wr845n/;unchanged
Tl Wr845n V1;Tl Wr845n;Роутеры Wi-Fi;https://www.tp-link.com/kz/home-networking/wifi-router/tl-wr845n/;unchanged
Tl Wr846n|https://www.tp-link.com/kz/home-networking/wifi-router/tl-wr846n/;Tl Wr846n;Роутеры Wi-Fi;https://www.tp-link.com/kz/home-networking/wifi-router/tl-wr846n/;unchanged
Tl Wr850n V3;Tl Wr850n;Роутеры Wi-Fi;https://www.tp-link.com/kz/home-networking/wifi-router/tl-wr850n/;unchanged
Tl Wr850n V1;Tl Wr850n;Роутеры Wi-Fi;https://www.tp-link.com/kz/home-networking/wifi-router/tl-wr850n/;unchanged
Tl Wr902ac V4;Tl Wr902ac;Роутеры Wi-Fi;https://www.tp-link.com/kz/home-networking/wifi-router/tl-wr902ac/;unchanged
Tl Wr902ac V1;Tl Wr902ac;Роутеры Wi-Fi;https://www.tp-link.com/kz/home-networking/wifi-router/tl-wr902ac/;unchanged
Tl Wr940n V6;Tl Wr940n;Роутеры Wi-Fi;https://www.tp-link.com/kz/home-networking/wifi-router/tl-wr940n/;unchanged
Tl Wr940n V5;Tl Wr940n;Роутеры Wi-Fi;https://www.tp-link.com/kz/home-networking/wifi-router/tl-wr940n/;unchanged
Tl Wr940n V4;Tl Wr940n;Роутеры Wi-Fi;https://www.tp-link.com/kz/home-networking/wifi-router/tl-wr940n/;unchanged
Tl Wr940n V3;Tl Wr940n;Роутеры Wi-Fi;https://www.tp-link.com/kz/home-networking/wifi-router/tl-wr940n/;unchanged
Tl Wr940n V2;Tl Wr940n;Роутеры Wi-Fi;https://www.tp-link.com/kz/home-networking/wifi-router/tl-wr940n/;unchanged
Tl Wr942n V2;Tl Wr942n;Роутеры Wi-Fi;https://www.tp-link.com/kz/home-networking/wifi-router/tl-wr942n/;unchanged
Tl Wr942n V1;Tl Wr942n;Роутеры Wi-Fi;https://www.tp-link.com/kz/home-networking/wifi-router/tl-wr942n/;unchanged
Tl Wr945n|https://www.tp-link.com/kz/home-networking/wifi-router/tl-wr945n/;Tl Wr945n;Роутеры Wi-Fi;https://www.tp-link.com/kz/home-networking/wifi-router/tl-wr945n/;unchanged
